<?xml version="1.0" encoding="UTF-8"?>
<config xmlns="http://www.knime.org/2008/09/XMLConfig" xmlns:xsi="http://www.w3.org/2001/XMLSchema-instance" xsi:schemaLocation="http://www.knime.org/2008/09/XMLConfig http://www.knime.org/XMLConfig_2008_09.xsd" key="model.xml">
    <entry key="version" type="xint" value="1"/>
    <entry key="class_name" type="xstring" value="org.knime.base.data.normalize.NormalizerPortObject"/>
    <config key="model">
        <config key="columns">
            <config key="radius_mean">
                <entry key="column_name" type="xstring" value="radius_mean"/>
                <entry key="column_scale" type="xdouble" value="0.04732831653178097"/>
                <entry key="column_translate" type="xdouble" value="-0.33039897770836296"/>
                <entry key="column_min" type="xdouble" value="0.0"/>
                <entry key="column_max" type="xdouble" value="1.0"/>
            </config>
            <config key="texture_mean">
                <entry key="column_name" type="xstring" value="texture_mean"/>
                <entry key="column_scale" type="xdouble" value="0.033818058843422386"/>
                <entry key="column_translate" type="xdouble" value="-0.3283733513696314"/>
                <entry key="column_min" type="xdouble" value="0.0"/>
                <entry key="column_max" type="xdouble" value="1.0"/>
            </config>
            <config key="perimeter_mean">
                <entry key="column_name" type="xstring" value="perimeter_mean"/>
                <entry key="column_scale" type="xdouble" value="0.006910372469076083"/>
                <entry key="column_translate" type="xdouble" value="-0.30260521042084165"/>
                <entry key="column_min" type="xdouble" value="0.0"/>
                <entry key="column_max" type="xdouble" value="1.0"/>
            </config>
            <config key="area_mean">
                <entry key="column_name" type="xstring" value="area_mean"/>
                <entry key="column_scale" type="xdouble" value="4.241781548250265E-4"/>
                <entry key="column_translate" type="xdouble" value="-0.0608695652173913"/>
                <entry key="column_min" type="xdouble" value="0.0"/>
                <entry key="column_max" type="xdouble" value="1.0"/>
            </config>
            <config key="smoothness_mean">
                <entry key="column_name" type="xstring" value="smoothness_mean"/>
                <entry key="column_scale" type="xdouble" value="9.02771508531191"/>
                <entry key="column_translate" type="xdouble" value="-0.4751286449399658"/>
                <entry key="column_min" type="xdouble" value="0.0"/>
                <entry key="column_max" type="xdouble" value="1.0"/>
            </config>
            <config key="compactness_mean">
                <entry key="column_name" type="xstring" value="compactness_mean"/>
                <entry key="column_scale" type="xdouble" value="3.0672964848782285"/>
                <entry key="column_translate" type="xdouble" value="-0.05944420587694007"/>
                <entry key="column_min" type="xdouble" value="0.0"/>
                <entry key="column_max" type="xdouble" value="1.0"/>
            </config>
            <config key="concavity_mean">
                <entry key="column_name" type="xstring" value="concavity_mean"/>
                <entry key="column_scale" type="xdouble" value="2.3430178069353325"/>
                <entry key="column_translate" type="xdouble" value="0.0"/>
                <entry key="column_min" type="xdouble" value="0.0"/>
                <entry key="column_max" type="xdouble" value="1.0"/>
            </config>
            <config key="concave points_mean">
                <entry key="column_name" type="xstring" value="concave points_mean"/>
                <entry key="column_scale" type="xdouble" value="4.970178926441352"/>
                <entry key="column_translate" type="xdouble" value="0.0"/>
                <entry key="column_min" type="xdouble" value="0.0"/>
                <entry key="column_max" type="xdouble" value="1.0"/>
            </config>
            <config key="symmetry_mean">
                <entry key="column_name" type="xstring" value="symmetry_mean"/>
                <entry key="column_scale" type="xdouble" value="5.05050505050505"/>
                <entry key="column_translate" type="xdouble" value="-0.5353535353535352"/>
                <entry key="column_min" type="xdouble" value="0.0"/>
                <entry key="column_max" type="xdouble" value="1.0"/>
            </config>
            <config key="fractal_dimension_mean">
                <entry key="column_name" type="xstring" value="fractal_dimension_mean"/>
                <entry key="column_scale" type="xdouble" value="21.061499578770007"/>
                <entry key="column_translate" type="xdouble" value="-1.0522325189553494"/>
                <entry key="column_min" type="xdouble" value="0.0"/>
                <entry key="column_max" type="xdouble" value="1.0"/>
            </config>
            <config key="radius_se">
                <entry key="column_name" type="xstring" value="radius_se"/>
                <entry key="column_scale" type="xdouble" value="0.36212203512583735"/>
                <entry key="column_translate" type="xdouble" value="-0.04037660691653087"/>
                <entry key="column_min" type="xdouble" value="0.0"/>
                <entry key="column_max" type="xdouble" value="1.0"/>
            </config>
            <config key="texture_se">
                <entry key="column_name" type="xstring" value="texture_se"/>
                <entry key="column_scale" type="xdouble" value="0.221004243281471"/>
                <entry key="column_translate" type="xdouble" value="-0.07960572842998585"/>
                <entry key="column_min" type="xdouble" value="0.0"/>
                <entry key="column_max" type="xdouble" value="1.0"/>
            </config>
            <config key="perimeter_se">
                <entry key="column_name" type="xstring" value="perimeter_se"/>
                <entry key="column_scale" type="xdouble" value="0.0471186919851105"/>
                <entry key="column_translate" type="xdouble" value="-0.035668849832728645"/>
                <entry key="column_min" type="xdouble" value="0.0"/>
                <entry key="column_max" type="xdouble" value="1.0"/>
            </config>
            <config key="area_se">
                <entry key="column_name" type="xstring" value="area_se"/>
                <entry key="column_scale" type="xdouble" value="0.00186776939771908"/>
                <entry key="column_translate" type="xdouble" value="-0.012704567443285181"/>
                <entry key="column_min" type="xdouble" value="0.0"/>
                <entry key="column_max" type="xdouble" value="1.0"/>
            </config>
            <config key="smoothness_se">
                <entry key="column_name" type="xstring" value="smoothness_se"/>
                <entry key="column_scale" type="xdouble" value="33.99394907706428"/>
                <entry key="column_translate" type="xdouble" value="-0.05823163476901111"/>
                <entry key="column_min" type="xdouble" value="0.0"/>
                <entry key="column_max" type="xdouble" value="1.0"/>
            </config>
            <config key="compactness_se">
                <entry key="column_name" type="xstring" value="compactness_se"/>
                <entry key="column_scale" type="xdouble" value="7.51043951092018"/>
                <entry key="column_translate" type="xdouble" value="-0.016913509778592246"/>
                <entry key="column_min" type="xdouble" value="0.0"/>
                <entry key="column_max" type="xdouble" value="1.0"/>
            </config>
            <config key="concavity_se">
                <entry key="column_name" type="xstring" value="concavity_se"/>
                <entry key="column_scale" type="xdouble" value="2.525252525252525"/>
                <entry key="column_translate" type="xdouble" value="0.0"/>
                <entry key="column_min" type="xdouble" value="0.0"/>
                <entry key="column_max" type="xdouble" value="1.0"/>
            </config>
            <config key="concave points_se">
                <entry key="column_name" type="xstring" value="concave points_se"/>
                <entry key="column_scale" type="xdouble" value="18.942981625307823"/>
                <entry key="column_translate" type="xdouble" value="0.0"/>
                <entry key="column_min" type="xdouble" value="0.0"/>
                <entry key="column_max" type="xdouble" value="1.0"/>
            </config>
            <config key="symmetry_se">
                <entry key="column_name" type="xstring" value="symmetry_se"/>
                <entry key="column_scale" type="xdouble" value="14.07103056227838"/>
                <entry key="column_translate" type="xdouble" value="-0.11090786289187819"/>
                <entry key="column_min" type="xdouble" value="0.0"/>
                <entry key="column_max" type="xdouble" value="1.0"/>
            </config>
            <config key="fractal_dimension_se">
                <entry key="column_name" type="xstring" value="fractal_dimension_se"/>
                <entry key="column_scale" type="xdouble" value="34.548042507911504"/>
                <entry key="column_translate" type="xdouble" value="-0.030913588436079213"/>
                <entry key="column_min" type="xdouble" value="0.0"/>
                <entry key="column_max" type="xdouble" value="1.0"/>
            </config>
            <config key="radius_worst">
                <entry key="column_name" type="xstring" value="radius_worst"/>
                <entry key="column_scale" type="xdouble" value="0.03557452863749555"/>
                <entry key="column_translate" type="xdouble" value="-0.2821060120953397"/>
                <entry key="column_min" type="xdouble" value="0.0"/>
                <entry key="column_max" type="xdouble" value="1.0"/>
            </config>
            <config key="texture_worst">
                <entry key="column_name" type="xstring" value="texture_worst"/>
                <entry key="column_scale" type="xdouble" value="0.026652452025586356"/>
                <entry key="column_translate" type="xdouble" value="-0.32036247334754797"/>
                <entry key="column_min" type="xdouble" value="0.0"/>
                <entry key="column_max" type="xdouble" value="1.0"/>
            </config>
            <config key="perimeter_worst">
                <entry key="column_name" type="xstring" value="perimeter_worst"/>
                <entry key="column_scale" type="xdouble" value="0.004980327705563026"/>
                <entry key="column_translate" type="xdouble" value="-0.25105831963743214"/>
                <entry key="column_min" type="xdouble" value="0.0"/>
                <entry key="column_max" type="xdouble" value="1.0"/>
            </config>
            <config key="area_worst">
                <entry key="column_name" type="xstring" value="area_worst"/>
                <entry key="column_scale" type="xdouble" value="2.457727093983484E-4"/>
                <entry key="column_translate" type="xdouble" value="-0.04551710578057412"/>
                <entry key="column_min" type="xdouble" value="0.0"/>
                <entry key="column_max" type="xdouble" value="1.0"/>
            </config>
            <config key="smoothness_worst">
                <entry key="column_name" type="xstring" value="smoothness_worst"/>
                <entry key="column_scale" type="xdouble" value="6.603711285742587"/>
                <entry key="column_translate" type="xdouble" value="-0.46998613220629987"/>
                <entry key="column_min" type="xdouble" value="0.0"/>
                <entry key="column_max" type="xdouble" value="1.0"/>
            </config>
            <config key="compactness_worst">
                <entry key="column_name" type="xstring" value="compactness_worst"/>
                <entry key="column_scale" type="xdouble" value="0.9702050043174123"/>
                <entry key="column_translate" type="xdouble" value="-0.02647689456782218"/>
                <entry key="column_min" type="xdouble" value="0.0"/>
                <entry key="column_max" type="xdouble" value="1.0"/>
            </config>
            <config key="concavity_worst">
                <entry key="column_name" type="xstring" value="concavity_worst"/>
                <entry key="column_scale" type="xdouble" value="0.7987220447284346"/>
                <entry key="column_translate" type="xdouble" value="0.0"/>
                <entry key="column_min" type="xdouble" value="0.0"/>
                <entry key="column_max" type="xdouble" value="1.0"/>
            </config>
            <config key="concave points_worst">
                <entry key="column_name" type="xstring" value="concave points_worst"/>
                <entry key="column_scale" type="xdouble" value="3.436426116838488"/>
                <entry key="column_translate" type="xdouble" value="0.0"/>
                <entry key="column_min" type="xdouble" value="0.0"/>
                <entry key="column_max" type="xdouble" value="1.0"/>
            </config>
            <config key="symmetry_worst">
                <entry key="column_name" type="xstring" value="symmetry_worst"/>
                <entry key="column_scale" type="xdouble" value="1.9712201852946976"/>
                <entry key="column_translate" type="xdouble" value="-0.30849595899862015"/>
                <entry key="column_min" type="xdouble" value="0.0"/>
                <entry key="column_max" type="xdouble" value="1.0"/>
            </config>
        </config>
        <entry key="summary" type="xstring" value="Min/Max (0.0, 1) normalization on 29 column(s)"/>
    </config>
</config>
