<?xml version="1.0" encoding="UTF-8"?>
<config xmlns="http://www.knime.org/2008/09/XMLConfig" xmlns:xsi="http://www.w3.org/2001/XMLSchema-instance" xsi:schemaLocation="http://www.knime.org/2008/09/XMLConfig http://www.knime.org/XMLConfig_2008_09.xsd" key="MiningSchema">
    <config key="learning">
        <entry key="array-size" type="xint" value="29"/>
        <entry key="0" type="xstring" value="radius_mean"/>
        <entry key="1" type="xstring" value="texture_mean"/>
        <entry key="2" type="xstring" value="perimeter_mean"/>
        <entry key="3" type="xstring" value="area_mean"/>
        <entry key="4" type="xstring" value="smoothness_mean"/>
        <entry key="5" type="xstring" value="compactness_mean"/>
        <entry key="6" type="xstring" value="concavity_mean"/>
        <entry key="7" type="xstring" value="concave points_mean"/>
        <entry key="8" type="xstring" value="symmetry_mean"/>
        <entry key="9" type="xstring" value="fractal_dimension_mean"/>
        <entry key="10" type="xstring" value="radius_se"/>
        <entry key="11" type="xstring" value="texture_se"/>
        <entry key="12" type="xstring" value="perimeter_se"/>
        <entry key="13" type="xstring" value="area_se"/>
        <entry key="14" type="xstring" value="smoothness_se"/>
        <entry key="15" type="xstring" value="compactness_se"/>
        <entry key="16" type="xstring" value="concavity_se"/>
        <entry key="17" type="xstring" value="concave points_se"/>
        <entry key="18" type="xstring" value="symmetry_se"/>
        <entry key="19" type="xstring" value="fractal_dimension_se"/>
        <entry key="20" type="xstring" value="radius_worst"/>
        <entry key="21" type="xstring" value="texture_worst"/>
        <entry key="22" type="xstring" value="perimeter_worst"/>
        <entry key="23" type="xstring" value="area_worst"/>
        <entry key="24" type="xstring" value="smoothness_worst"/>
        <entry key="25" type="xstring" value="compactness_worst"/>
        <entry key="26" type="xstring" value="concavity_worst"/>
        <entry key="27" type="xstring" value="concave points_worst"/>
        <entry key="28" type="xstring" value="symmetry_worst"/>
    </config>
    <config key="target">
        <entry key="array-size" type="xint" value="1"/>
        <entry key="0" type="xstring" value="diagnosis"/>
    </config>
</config>
